folder,value,photo_name,photo_name_length
197786,C:/Users/allan/OneDrive/New_Graph/Current/2021-041-nupqu-elk-fish-passage/scripts/fish_passage_elk_2021_reporting/data/photos/197786/crossing_all.JPG,crossing_all.JPG,16
197786,C:/Users/allan/OneDrive/New_Graph/Current/2021-041-nupqu-elk-fish-passage/scripts/fish_passage_elk_2021_reporting/data/photos/197786/IMG_4878_road.JPG,IMG_4878_road.JPG,17
197786,C:/Users/allan/OneDrive/New_Graph/Current/2021-041-nupqu-elk-fish-passage/scripts/fish_passage_elk_2021_reporting/data/photos/197786/IMG_4879_upstream.JPG,IMG_4879_upstream.JPG,21
197786,C:/Users/allan/OneDrive/New_Graph/Current/2021-041-nupqu-elk-fish-passage/scripts/fish_passage_elk_2021_reporting/data/photos/197786/IMG_4880.JPG,IMG_4880.JPG,12
197786,C:/Users/allan/OneDrive/New_Graph/Current/2021-041-nupqu-elk-fish-passage/scripts/fish_passage_elk_2021_reporting/data/photos/197786/IMG_4881.JPG,IMG_4881.JPG,12
197786,C:/Users/allan/OneDrive/New_Graph/Current/2021-041-nupqu-elk-fish-passage/scripts/fish_passage_elk_2021_reporting/data/photos/197786/IMG_4882_outlet.JPG,IMG_4882_outlet.JPG,19
197786,C:/Users/allan/OneDrive/New_Graph/Current/2021-041-nupqu-elk-fish-passage/scripts/fish_passage_elk_2021_reporting/data/photos/197786/IMG_4883_barrel.JPG,IMG_4883_barrel.JPG,19
197786,C:/Users/allan/OneDrive/New_Graph/Current/2021-041-nupqu-elk-fish-passage/scripts/fish_passage_elk_2021_reporting/data/photos/197786/IMG_4884_inlet.JPG,IMG_4884_inlet.JPG,18
197786,C:/Users/allan/OneDrive/New_Graph/Current/2021-041-nupqu-elk-fish-passage/scripts/fish_passage_elk_2021_reporting/data/photos/197786/IMG_4885.JPG,IMG_4885.JPG,12
197786,C:/Users/allan/OneDrive/New_Graph/Current/2021-041-nupqu-elk-fish-passage/scripts/fish_passage_elk_2021_reporting/data/photos/197786/IMG_4886.JPG,IMG_4886.JPG,12
197786,C:/Users/allan/OneDrive/New_Graph/Current/2021-041-nupqu-elk-fish-passage/scripts/fish_passage_elk_2021_reporting/data/photos/197786/IMG_4887.JPG,IMG_4887.JPG,12
197786,C:/Users/allan/OneDrive/New_Graph/Current/2021-041-nupqu-elk-fish-passage/scripts/fish_passage_elk_2021_reporting/data/photos/197786/IMG_4888.JPG,IMG_4888.JPG,12
197786,C:/Users/allan/OneDrive/New_Graph/Current/2021-041-nupqu-elk-fish-passage/scripts/fish_passage_elk_2021_reporting/data/photos/197786/IMG_4889.JPG,IMG_4889.JPG,12
197786,C:/Users/allan/OneDrive/New_Graph/Current/2021-041-nupqu-elk-fish-passage/scripts/fish_passage_elk_2021_reporting/data/photos/197786/IMG_4890.JPG,IMG_4890.JPG,12
197786,C:/Users/allan/OneDrive/New_Graph/Current/2021-041-nupqu-elk-fish-passage/scripts/fish_passage_elk_2021_reporting/data/photos/197786/IMG_4891.JPG,IMG_4891.JPG,12
197786,C:/Users/allan/OneDrive/New_Graph/Current/2021-041-nupqu-elk-fish-passage/scripts/fish_passage_elk_2021_reporting/data/photos/197786/IMG_4892.JPG,IMG_4892.JPG,12
197786,C:/Users/allan/OneDrive/New_Graph/Current/2021-041-nupqu-elk-fish-passage/scripts/fish_passage_elk_2021_reporting/data/photos/197786/IMG_4893.JPG,IMG_4893.JPG,12
197786,C:/Users/allan/OneDrive/New_Graph/Current/2021-041-nupqu-elk-fish-passage/scripts/fish_passage_elk_2021_reporting/data/photos/197786/IMG_4894_u1_k_.JPG,IMG_4894_u1_k_.JPG,18
197786,C:/Users/allan/OneDrive/New_Graph/Current/2021-041-nupqu-elk-fish-passage/scripts/fish_passage_elk_2021_reporting/data/photos/197786/IMG_4895.JPG,IMG_4895.JPG,12
197786,C:/Users/allan/OneDrive/New_Graph/Current/2021-041-nupqu-elk-fish-passage/scripts/fish_passage_elk_2021_reporting/data/photos/197786/IMG_4896_u2_k_.JPG,IMG_4896_u2_k_.JPG,18
197786,C:/Users/allan/OneDrive/New_Graph/Current/2021-041-nupqu-elk-fish-passage/scripts/fish_passage_elk_2021_reporting/data/photos/197786/IMG_4897.JPG,IMG_4897.JPG,12
197786,C:/Users/allan/OneDrive/New_Graph/Current/2021-041-nupqu-elk-fish-passage/scripts/fish_passage_elk_2021_reporting/data/photos/197786/IMG_4901.JPG,IMG_4901.JPG,12
197786,C:/Users/allan/OneDrive/New_Graph/Current/2021-041-nupqu-elk-fish-passage/scripts/fish_passage_elk_2021_reporting/data/photos/197786/IMG_4902.JPG,IMG_4902.JPG,12
197786,C:/Users/allan/OneDrive/New_Graph/Current/2021-041-nupqu-elk-fish-passage/scripts/fish_passage_elk_2021_reporting/data/photos/197786/IMG_4903_d1_k_.JPG,IMG_4903_d1_k_.JPG,18
197786,C:/Users/allan/OneDrive/New_Graph/Current/2021-041-nupqu-elk-fish-passage/scripts/fish_passage_elk_2021_reporting/data/photos/197786/IMG_4904.JPG,IMG_4904.JPG,12
197786,C:/Users/allan/OneDrive/New_Graph/Current/2021-041-nupqu-elk-fish-passage/scripts/fish_passage_elk_2021_reporting/data/photos/197786/IMG_4905_downstream.JPG,IMG_4905_downstream.JPG,23
197786,C:/Users/allan/OneDrive/New_Graph/Current/2021-041-nupqu-elk-fish-passage/scripts/fish_passage_elk_2021_reporting/data/photos/197786/IMG_4906.JPG,IMG_4906.JPG,12
197786,C:/Users/allan/OneDrive/New_Graph/Current/2021-041-nupqu-elk-fish-passage/scripts/fish_passage_elk_2021_reporting/data/photos/197786/IMG_4907.JPG,IMG_4907.JPG,12
197786,C:/Users/allan/OneDrive/New_Graph/Current/2021-041-nupqu-elk-fish-passage/scripts/fish_passage_elk_2021_reporting/data/photos/197786/IMG_4908.JPG,IMG_4908.JPG,12
197786,C:/Users/allan/OneDrive/New_Graph/Current/2021-041-nupqu-elk-fish-passage/scripts/fish_passage_elk_2021_reporting/data/photos/197786/IMG_4909.JPG,IMG_4909.JPG,12
197786,C:/Users/allan/OneDrive/New_Graph/Current/2021-041-nupqu-elk-fish-passage/scripts/fish_passage_elk_2021_reporting/data/photos/197786/IMG_4910.JPG,IMG_4910.JPG,12
197786,C:/Users/allan/OneDrive/New_Graph/Current/2021-041-nupqu-elk-fish-passage/scripts/fish_passage_elk_2021_reporting/data/photos/197786/IMG_4911.JPG,IMG_4911.JPG,12
197786,C:/Users/allan/OneDrive/New_Graph/Current/2021-041-nupqu-elk-fish-passage/scripts/fish_passage_elk_2021_reporting/data/photos/197786/IMG_4912.JPG,IMG_4912.JPG,12
197786,C:/Users/allan/OneDrive/New_Graph/Current/2021-041-nupqu-elk-fish-passage/scripts/fish_passage_elk_2021_reporting/data/photos/197786/IMG_4913.JPG,IMG_4913.JPG,12
197786,C:/Users/allan/OneDrive/New_Graph/Current/2021-041-nupqu-elk-fish-passage/scripts/fish_passage_elk_2021_reporting/data/photos/197786/IMG_4914.JPG,IMG_4914.JPG,12
197786,C:/Users/allan/OneDrive/New_Graph/Current/2021-041-nupqu-elk-fish-passage/scripts/fish_passage_elk_2021_reporting/data/photos/197786/IMG_4915.JPG,IMG_4915.JPG,12
197786,C:/Users/allan/OneDrive/New_Graph/Current/2021-041-nupqu-elk-fish-passage/scripts/fish_passage_elk_2021_reporting/data/photos/197786/IMG_4916.JPG,IMG_4916.JPG,12
197786,C:/Users/allan/OneDrive/New_Graph/Current/2021-041-nupqu-elk-fish-passage/scripts/fish_passage_elk_2021_reporting/data/photos/197786/IMG_4917.JPG,IMG_4917.JPG,12
197786,C:/Users/allan/OneDrive/New_Graph/Current/2021-041-nupqu-elk-fish-passage/scripts/fish_passage_elk_2021_reporting/data/photos/197786/IMG_4918.JPG,IMG_4918.JPG,12
197786,C:/Users/allan/OneDrive/New_Graph/Current/2021-041-nupqu-elk-fish-passage/scripts/fish_passage_elk_2021_reporting/data/photos/197786/IMG_4919.JPG,IMG_4919.JPG,12
197786,C:/Users/allan/OneDrive/New_Graph/Current/2021-041-nupqu-elk-fish-passage/scripts/fish_passage_elk_2021_reporting/data/photos/197786/IMG_4920_d2_k_.JPG,IMG_4920_d2_k_.JPG,18
197787,C:/Users/allan/OneDrive/New_Graph/Current/2021-041-nupqu-elk-fish-passage/scripts/fish_passage_elk_2021_reporting/data/photos/197787/crossing_all.JPG,crossing_all.JPG,16
197787,C:/Users/allan/OneDrive/New_Graph/Current/2021-041-nupqu-elk-fish-passage/scripts/fish_passage_elk_2021_reporting/data/photos/197787/IMG_4921_road.JPG,IMG_4921_road.JPG,17
197787,C:/Users/allan/OneDrive/New_Graph/Current/2021-041-nupqu-elk-fish-passage/scripts/fish_passage_elk_2021_reporting/data/photos/197787/IMG_4922.JPG,IMG_4922.JPG,12
197787,C:/Users/allan/OneDrive/New_Graph/Current/2021-041-nupqu-elk-fish-passage/scripts/fish_passage_elk_2021_reporting/data/photos/197787/IMG_4923.JPG,IMG_4923.JPG,12
197787,C:/Users/allan/OneDrive/New_Graph/Current/2021-041-nupqu-elk-fish-passage/scripts/fish_passage_elk_2021_reporting/data/photos/197787/IMG_4924.JPG,IMG_4924.JPG,12
197787,C:/Users/allan/OneDrive/New_Graph/Current/2021-041-nupqu-elk-fish-passage/scripts/fish_passage_elk_2021_reporting/data/photos/197787/IMG_4925_inlet.JPG,IMG_4925_inlet.JPG,18
197787,C:/Users/allan/OneDrive/New_Graph/Current/2021-041-nupqu-elk-fish-passage/scripts/fish_passage_elk_2021_reporting/data/photos/197787/IMG_4926_barrel.JPG,IMG_4926_barrel.JPG,19
197787,C:/Users/allan/OneDrive/New_Graph/Current/2021-041-nupqu-elk-fish-passage/scripts/fish_passage_elk_2021_reporting/data/photos/197787/IMG_4927_outlet.JPG,IMG_4927_outlet.JPG,19
197787,C:/Users/allan/OneDrive/New_Graph/Current/2021-041-nupqu-elk-fish-passage/scripts/fish_passage_elk_2021_reporting/data/photos/197787/IMG_4928.JPG,IMG_4928.JPG,12
197787,C:/Users/allan/OneDrive/New_Graph/Current/2021-041-nupqu-elk-fish-passage/scripts/fish_passage_elk_2021_reporting/data/photos/197787/IMG_4929.JPG,IMG_4929.JPG,12
197787,C:/Users/allan/OneDrive/New_Graph/Current/2021-041-nupqu-elk-fish-passage/scripts/fish_passage_elk_2021_reporting/data/photos/197787/IMG_4930.JPG,IMG_4930.JPG,12
197787,C:/Users/allan/OneDrive/New_Graph/Current/2021-041-nupqu-elk-fish-passage/scripts/fish_passage_elk_2021_reporting/data/photos/197787/IMG_4931_downstream.JPG,IMG_4931_downstream.JPG,23
197787,C:/Users/allan/OneDrive/New_Graph/Current/2021-041-nupqu-elk-fish-passage/scripts/fish_passage_elk_2021_reporting/data/photos/197787/IMG_4932.JPG,IMG_4932.JPG,12
197787,C:/Users/allan/OneDrive/New_Graph/Current/2021-041-nupqu-elk-fish-passage/scripts/fish_passage_elk_2021_reporting/data/photos/197787/IMG_4933.JPG,IMG_4933.JPG,12
197787,C:/Users/allan/OneDrive/New_Graph/Current/2021-041-nupqu-elk-fish-passage/scripts/fish_passage_elk_2021_reporting/data/photos/197787/IMG_4934_d1_k_.JPG,IMG_4934_d1_k_.JPG,18
197787,C:/Users/allan/OneDrive/New_Graph/Current/2021-041-nupqu-elk-fish-passage/scripts/fish_passage_elk_2021_reporting/data/photos/197787/IMG_4935.JPG,IMG_4935.JPG,12
197787,C:/Users/allan/OneDrive/New_Graph/Current/2021-041-nupqu-elk-fish-passage/scripts/fish_passage_elk_2021_reporting/data/photos/197787/IMG_4936_d2_k_.JPG,IMG_4936_d2_k_.JPG,18
197787,C:/Users/allan/OneDrive/New_Graph/Current/2021-041-nupqu-elk-fish-passage/scripts/fish_passage_elk_2021_reporting/data/photos/197787/IMG_4937.JPG,IMG_4937.JPG,12
197787,C:/Users/allan/OneDrive/New_Graph/Current/2021-041-nupqu-elk-fish-passage/scripts/fish_passage_elk_2021_reporting/data/photos/197787/IMG_4938.JPG,IMG_4938.JPG,12
197787,C:/Users/allan/OneDrive/New_Graph/Current/2021-041-nupqu-elk-fish-passage/scripts/fish_passage_elk_2021_reporting/data/photos/197787/IMG_4939.JPG,IMG_4939.JPG,12
197787,C:/Users/allan/OneDrive/New_Graph/Current/2021-041-nupqu-elk-fish-passage/scripts/fish_passage_elk_2021_reporting/data/photos/197787/IMG_4940.JPG,IMG_4940.JPG,12
197787,C:/Users/allan/OneDrive/New_Graph/Current/2021-041-nupqu-elk-fish-passage/scripts/fish_passage_elk_2021_reporting/data/photos/197787/IMG_4941.JPG,IMG_4941.JPG,12
197787,C:/Users/allan/OneDrive/New_Graph/Current/2021-041-nupqu-elk-fish-passage/scripts/fish_passage_elk_2021_reporting/data/photos/197787/IMG_4942_u1_k_.JPG,IMG_4942_u1_k_.JPG,18
197787,C:/Users/allan/OneDrive/New_Graph/Current/2021-041-nupqu-elk-fish-passage/scripts/fish_passage_elk_2021_reporting/data/photos/197787/IMG_4943.JPG,IMG_4943.JPG,12
197787,C:/Users/allan/OneDrive/New_Graph/Current/2021-041-nupqu-elk-fish-passage/scripts/fish_passage_elk_2021_reporting/data/photos/197787/IMG_4944_upstream.JPG,IMG_4944_upstream.JPG,21
197787,C:/Users/allan/OneDrive/New_Graph/Current/2021-041-nupqu-elk-fish-passage/scripts/fish_passage_elk_2021_reporting/data/photos/197787/IMG_4945_u2_k_.JPG,IMG_4945_u2_k_.JPG,18
197787,C:/Users/allan/OneDrive/New_Graph/Current/2021-041-nupqu-elk-fish-passage/scripts/fish_passage_elk_2021_reporting/data/photos/197787/IMG_4946_u3_k_.JPG,IMG_4946_u3_k_.JPG,18
197787,C:/Users/allan/OneDrive/New_Graph/Current/2021-041-nupqu-elk-fish-passage/scripts/fish_passage_elk_2021_reporting/data/photos/197787/IMG_4947.JPG,IMG_4947.JPG,12
197787,C:/Users/allan/OneDrive/New_Graph/Current/2021-041-nupqu-elk-fish-passage/scripts/fish_passage_elk_2021_reporting/data/photos/197787/IMG_4948.JPG,IMG_4948.JPG,12
197787,C:/Users/allan/OneDrive/New_Graph/Current/2021-041-nupqu-elk-fish-passage/scripts/fish_passage_elk_2021_reporting/data/photos/197787/IMG_4949.JPG,IMG_4949.JPG,12
197787,C:/Users/allan/OneDrive/New_Graph/Current/2021-041-nupqu-elk-fish-passage/scripts/fish_passage_elk_2021_reporting/data/photos/197787/IMG_4950.JPG,IMG_4950.JPG,12
197787,C:/Users/allan/OneDrive/New_Graph/Current/2021-041-nupqu-elk-fish-passage/scripts/fish_passage_elk_2021_reporting/data/photos/197787/IMG_4951_u4_k_.JPG,IMG_4951_u4_k_.JPG,18
197793,C:/Users/allan/OneDrive/New_Graph/Current/2021-041-nupqu-elk-fish-passage/scripts/fish_passage_elk_2021_reporting/data/photos/197793/crossing_all.JPG,crossing_all.JPG,16
197793,C:/Users/allan/OneDrive/New_Graph/Current/2021-041-nupqu-elk-fish-passage/scripts/fish_passage_elk_2021_reporting/data/photos/197793/IMG_4997_road.JPG,IMG_4997_road.JPG,17
197793,C:/Users/allan/OneDrive/New_Graph/Current/2021-041-nupqu-elk-fish-passage/scripts/fish_passage_elk_2021_reporting/data/photos/197793/IMG_4998_upstream.JPG,IMG_4998_upstream.JPG,21
197793,C:/Users/allan/OneDrive/New_Graph/Current/2021-041-nupqu-elk-fish-passage/scripts/fish_passage_elk_2021_reporting/data/photos/197793/IMG_4999_downstream_d1_k_.JPG,IMG_4999_downstream_d1_k_.JPG,29
197793,C:/Users/allan/OneDrive/New_Graph/Current/2021-041-nupqu-elk-fish-passage/scripts/fish_passage_elk_2021_reporting/data/photos/197793/IMG_5001_inlet.JPG,IMG_5001_inlet.JPG,18
197793,C:/Users/allan/OneDrive/New_Graph/Current/2021-041-nupqu-elk-fish-passage/scripts/fish_passage_elk_2021_reporting/data/photos/197793/IMG_5002_barrel.JPG,IMG_5002_barrel.JPG,19
197793,C:/Users/allan/OneDrive/New_Graph/Current/2021-041-nupqu-elk-fish-passage/scripts/fish_passage_elk_2021_reporting/data/photos/197793/IMG_5003_outlet.JPG,IMG_5003_outlet.JPG,19
197793,C:/Users/allan/OneDrive/New_Graph/Current/2021-041-nupqu-elk-fish-passage/scripts/fish_passage_elk_2021_reporting/data/photos/197793/IMG_5004.JPG,IMG_5004.JPG,12
197793,C:/Users/allan/OneDrive/New_Graph/Current/2021-041-nupqu-elk-fish-passage/scripts/fish_passage_elk_2021_reporting/data/photos/197793/IMG_5005.JPG,IMG_5005.JPG,12
197793,C:/Users/allan/OneDrive/New_Graph/Current/2021-041-nupqu-elk-fish-passage/scripts/fish_passage_elk_2021_reporting/data/photos/197793/IMG_5006.JPG,IMG_5006.JPG,12
197793,C:/Users/allan/OneDrive/New_Graph/Current/2021-041-nupqu-elk-fish-passage/scripts/fish_passage_elk_2021_reporting/data/photos/197793/IMG_5007.JPG,IMG_5007.JPG,12
197793,C:/Users/allan/OneDrive/New_Graph/Current/2021-041-nupqu-elk-fish-passage/scripts/fish_passage_elk_2021_reporting/data/photos/197793/IMG_5008.JPG,IMG_5008.JPG,12
197793,C:/Users/allan/OneDrive/New_Graph/Current/2021-041-nupqu-elk-fish-passage/scripts/fish_passage_elk_2021_reporting/data/photos/197793/IMG_5009_u1_k_.JPG,IMG_5009_u1_k_.JPG,18
197793,C:/Users/allan/OneDrive/New_Graph/Current/2021-041-nupqu-elk-fish-passage/scripts/fish_passage_elk_2021_reporting/data/photos/197793/IMG_5010.JPG,IMG_5010.JPG,12
197793,C:/Users/allan/OneDrive/New_Graph/Current/2021-041-nupqu-elk-fish-passage/scripts/fish_passage_elk_2021_reporting/data/photos/197793/IMG_5011_u2_k_.JPG,IMG_5011_u2_k_.JPG,18
197793,C:/Users/allan/OneDrive/New_Graph/Current/2021-041-nupqu-elk-fish-passage/scripts/fish_passage_elk_2021_reporting/data/photos/197793/IMG_5012.JPG,IMG_5012.JPG,12
197793,C:/Users/allan/OneDrive/New_Graph/Current/2021-041-nupqu-elk-fish-passage/scripts/fish_passage_elk_2021_reporting/data/photos/197793/tammy_23F478D1-B326-450F-82FE-D0D6F993FCB0.JPG,tammy_23F478D1-B326-450F-82FE-D0D6F993FCB0.JPG,46
197793,C:/Users/allan/OneDrive/New_Graph/Current/2021-041-nupqu-elk-fish-passage/scripts/fish_passage_elk_2021_reporting/data/photos/197793/tammy_252B89E9-9DB0-46EE-BE26-DF406B5B7A71.JPG,tammy_252B89E9-9DB0-46EE-BE26-DF406B5B7A71.JPG,46
197793,C:/Users/allan/OneDrive/New_Graph/Current/2021-041-nupqu-elk-fish-passage/scripts/fish_passage_elk_2021_reporting/data/photos/197793/tammy_827DEA06-961B-48F7-AB28-47B417D5C067.JPG,tammy_827DEA06-961B-48F7-AB28-47B417D5C067.JPG,46
197793,C:/Users/allan/OneDrive/New_Graph/Current/2021-041-nupqu-elk-fish-passage/scripts/fish_passage_elk_2021_reporting/data/photos/197793/tammy_8F56C91F-8F94-48D9-A924-FE20648CBC3A.JPG,tammy_8F56C91F-8F94-48D9-A924-FE20648CBC3A.JPG,46
197793,C:/Users/allan/OneDrive/New_Graph/Current/2021-041-nupqu-elk-fish-passage/scripts/fish_passage_elk_2021_reporting/data/photos/197793/tammy_8F70D1BC-E7CD-4244-B19C-C5EEAB76FB5A.JPG,tammy_8F70D1BC-E7CD-4244-B19C-C5EEAB76FB5A.JPG,46
197793,C:/Users/allan/OneDrive/New_Graph/Current/2021-041-nupqu-elk-fish-passage/scripts/fish_passage_elk_2021_reporting/data/photos/197793/tammy_D051ECF7-C05F-40C4-9B5D-E5A3A841007D.JPG,tammy_D051ECF7-C05F-40C4-9B5D-E5A3A841007D.JPG,46
197796,C:/Users/allan/OneDrive/New_Graph/Current/2021-041-nupqu-elk-fish-passage/scripts/fish_passage_elk_2021_reporting/data/photos/197796/al_IMG_6669_road.JPG,al_IMG_6669_road.JPG,20
197796,C:/Users/allan/OneDrive/New_Graph/Current/2021-041-nupqu-elk-fish-passage/scripts/fish_passage_elk_2021_reporting/data/photos/197796/al_IMG_6670_outlet.JPG,al_IMG_6670_outlet.JPG,22
197796,C:/Users/allan/OneDrive/New_Graph/Current/2021-041-nupqu-elk-fish-passage/scripts/fish_passage_elk_2021_reporting/data/photos/197796/al_IMG_6671.JPG,al_IMG_6671.JPG,15
197796,C:/Users/allan/OneDrive/New_Graph/Current/2021-041-nupqu-elk-fish-passage/scripts/fish_passage_elk_2021_reporting/data/photos/197796/al_IMG_6672.JPG,al_IMG_6672.JPG,15
197796,C:/Users/allan/OneDrive/New_Graph/Current/2021-041-nupqu-elk-fish-passage/scripts/fish_passage_elk_2021_reporting/data/photos/197796/al_IMG_6673_barrel.JPG,al_IMG_6673_barrel.JPG,22
197796,C:/Users/allan/OneDrive/New_Graph/Current/2021-041-nupqu-elk-fish-passage/scripts/fish_passage_elk_2021_reporting/data/photos/197796/al_IMG_6674_inlet.JPG,al_IMG_6674_inlet.JPG,21
197796,C:/Users/allan/OneDrive/New_Graph/Current/2021-041-nupqu-elk-fish-passage/scripts/fish_passage_elk_2021_reporting/data/photos/197796/al_IMG_6675_u1_k_.JPG,al_IMG_6675_u1_k_.JPG,21
197796,C:/Users/allan/OneDrive/New_Graph/Current/2021-041-nupqu-elk-fish-passage/scripts/fish_passage_elk_2021_reporting/data/photos/197796/al_IMG_6676_upstream.JPG,al_IMG_6676_upstream.JPG,24
197796,C:/Users/allan/OneDrive/New_Graph/Current/2021-041-nupqu-elk-fish-passage/scripts/fish_passage_elk_2021_reporting/data/photos/197796/al_IMG_6677_downstream.JPG,al_IMG_6677_downstream.JPG,26
197796,C:/Users/allan/OneDrive/New_Graph/Current/2021-041-nupqu-elk-fish-passage/scripts/fish_passage_elk_2021_reporting/data/photos/197796/al_IMG_6678.JPG,al_IMG_6678.JPG,15
197796,C:/Users/allan/OneDrive/New_Graph/Current/2021-041-nupqu-elk-fish-passage/scripts/fish_passage_elk_2021_reporting/data/photos/197796/al_IMG_6679.JPG,al_IMG_6679.JPG,15
197796,C:/Users/allan/OneDrive/New_Graph/Current/2021-041-nupqu-elk-fish-passage/scripts/fish_passage_elk_2021_reporting/data/photos/197796/al_IMG_6681_d1_k_.JPG,al_IMG_6681_d1_k_.JPG,21
197796,C:/Users/allan/OneDrive/New_Graph/Current/2021-041-nupqu-elk-fish-passage/scripts/fish_passage_elk_2021_reporting/data/photos/197796/al_IMG_6682_d2_k_.JPG,al_IMG_6682_d2_k_.JPG,21
197796,C:/Users/allan/OneDrive/New_Graph/Current/2021-041-nupqu-elk-fish-passage/scripts/fish_passage_elk_2021_reporting/data/photos/197796/al_IMG_6683.JPG,al_IMG_6683.JPG,15
197796,C:/Users/allan/OneDrive/New_Graph/Current/2021-041-nupqu-elk-fish-passage/scripts/fish_passage_elk_2021_reporting/data/photos/197796/crossing_all.JPG,crossing_all.JPG,16
62505,C:/Users/allan/OneDrive/New_Graph/Current/2021-041-nupqu-elk-fish-passage/scripts/fish_passage_elk_2021_reporting/data/photos/62505/al_IMG_7119_road.JPG,al_IMG_7119_road.JPG,20
62505,C:/Users/allan/OneDrive/New_Graph/Current/2021-041-nupqu-elk-fish-passage/scripts/fish_passage_elk_2021_reporting/data/photos/62505/al_IMG_7120_upstream.JPG,al_IMG_7120_upstream.JPG,24
62505,C:/Users/allan/OneDrive/New_Graph/Current/2021-041-nupqu-elk-fish-passage/scripts/fish_passage_elk_2021_reporting/data/photos/62505/al_IMG_7121_inlet.JPG,al_IMG_7121_inlet.JPG,21
62505,C:/Users/allan/OneDrive/New_Graph/Current/2021-041-nupqu-elk-fish-passage/scripts/fish_passage_elk_2021_reporting/data/photos/62505/al_IMG_7122_barrel.JPG,al_IMG_7122_barrel.JPG,22
62505,C:/Users/allan/OneDrive/New_Graph/Current/2021-041-nupqu-elk-fish-passage/scripts/fish_passage_elk_2021_reporting/data/photos/62505/al_IMG_7123_downstream.JPG,al_IMG_7123_downstream.JPG,26
62505,C:/Users/allan/OneDrive/New_Graph/Current/2021-041-nupqu-elk-fish-passage/scripts/fish_passage_elk_2021_reporting/data/photos/62505/al_IMG_7124_outlet.JPG,al_IMG_7124_outlet.JPG,22
62505,C:/Users/allan/OneDrive/New_Graph/Current/2021-041-nupqu-elk-fish-passage/scripts/fish_passage_elk_2021_reporting/data/photos/62505/al_IMG_7125.JPG,al_IMG_7125.JPG,15
62505,C:/Users/allan/OneDrive/New_Graph/Current/2021-041-nupqu-elk-fish-passage/scripts/fish_passage_elk_2021_reporting/data/photos/62505/al_IMG_7126.JPG,al_IMG_7126.JPG,15
62505,C:/Users/allan/OneDrive/New_Graph/Current/2021-041-nupqu-elk-fish-passage/scripts/fish_passage_elk_2021_reporting/data/photos/62505/al_IMG_7127_d1_k_.JPG,al_IMG_7127_d1_k_.JPG,21
62505,C:/Users/allan/OneDrive/New_Graph/Current/2021-041-nupqu-elk-fish-passage/scripts/fish_passage_elk_2021_reporting/data/photos/62505/al_IMG_7128_d2_k_.JPG,al_IMG_7128_d2_k_.JPG,21
62505,C:/Users/allan/OneDrive/New_Graph/Current/2021-041-nupqu-elk-fish-passage/scripts/fish_passage_elk_2021_reporting/data/photos/62505/al_IMG_7129.JPG,al_IMG_7129.JPG,15
62505,C:/Users/allan/OneDrive/New_Graph/Current/2021-041-nupqu-elk-fish-passage/scripts/fish_passage_elk_2021_reporting/data/photos/62505/al_IMG_7130.JPG,al_IMG_7130.JPG,15
62505,C:/Users/allan/OneDrive/New_Graph/Current/2021-041-nupqu-elk-fish-passage/scripts/fish_passage_elk_2021_reporting/data/photos/62505/al_IMG_7131_u1_.JPG,al_IMG_7131_u1_.JPG,19
62505,C:/Users/allan/OneDrive/New_Graph/Current/2021-041-nupqu-elk-fish-passage/scripts/fish_passage_elk_2021_reporting/data/photos/62505/al_IMG_7132.JPG,al_IMG_7132.JPG,15
62505,C:/Users/allan/OneDrive/New_Graph/Current/2021-041-nupqu-elk-fish-passage/scripts/fish_passage_elk_2021_reporting/data/photos/62505/al_IMG_7133_u2_k_.JPG,al_IMG_7133_u2_k_.JPG,21
62505,C:/Users/allan/OneDrive/New_Graph/Current/2021-041-nupqu-elk-fish-passage/scripts/fish_passage_elk_2021_reporting/data/photos/62505/al_IMG_7134.JPG,al_IMG_7134.JPG,15
62505,C:/Users/allan/OneDrive/New_Graph/Current/2021-041-nupqu-elk-fish-passage/scripts/fish_passage_elk_2021_reporting/data/photos/62505/al_IMG_7135.JPG,al_IMG_7135.JPG,15
62505,C:/Users/allan/OneDrive/New_Graph/Current/2021-041-nupqu-elk-fish-passage/scripts/fish_passage_elk_2021_reporting/data/photos/62505/al_IMG_7136.JPG,al_IMG_7136.JPG,15
62505,C:/Users/allan/OneDrive/New_Graph/Current/2021-041-nupqu-elk-fish-passage/scripts/fish_passage_elk_2021_reporting/data/photos/62505/crossing_all.JPG,crossing_all.JPG,16
62182,C:/Users/allan/OneDrive/New_Graph/Current/2021-041-nupqu-elk-fish-passage/scripts/fish_passage_elk_2021_reporting/data/photos/62182/al_IMG_6758_upstream.JPG,al_IMG_6758_upstream.JPG,24
62182,C:/Users/allan/OneDrive/New_Graph/Current/2021-041-nupqu-elk-fish-passage/scripts/fish_passage_elk_2021_reporting/data/photos/62182/crossing_all.JPG,crossing_all.JPG,16
62182,C:/Users/allan/OneDrive/New_Graph/Current/2021-041-nupqu-elk-fish-passage/scripts/fish_passage_elk_2021_reporting/data/photos/62182/kyle_IMG_3248.JPG,kyle_IMG_3248.JPG,17
62182,C:/Users/allan/OneDrive/New_Graph/Current/2021-041-nupqu-elk-fish-passage/scripts/fish_passage_elk_2021_reporting/data/photos/62182/kyle_IMG_3249.JPG,kyle_IMG_3249.JPG,17
62182,C:/Users/allan/OneDrive/New_Graph/Current/2021-041-nupqu-elk-fish-passage/scripts/fish_passage_elk_2021_reporting/data/photos/62182/kyle_IMG_3250.JPG,kyle_IMG_3250.JPG,17
62182,C:/Users/allan/OneDrive/New_Graph/Current/2021-041-nupqu-elk-fish-passage/scripts/fish_passage_elk_2021_reporting/data/photos/62182/kyle_TC_02361_road.JPG,kyle_TC_02361_road.JPG,22
62182,C:/Users/allan/OneDrive/New_Graph/Current/2021-041-nupqu-elk-fish-passage/scripts/fish_passage_elk_2021_reporting/data/photos/62182/kyle_TC_02362.JPG,kyle_TC_02362.JPG,17
62182,C:/Users/allan/OneDrive/New_Graph/Current/2021-041-nupqu-elk-fish-passage/scripts/fish_passage_elk_2021_reporting/data/photos/62182/kyle_TC_02363_inlet.JPG,kyle_TC_02363_inlet.JPG,23
62182,C:/Users/allan/OneDrive/New_Graph/Current/2021-041-nupqu-elk-fish-passage/scripts/fish_passage_elk_2021_reporting/data/photos/62182/kyle_TC_02364.JPG,kyle_TC_02364.JPG,17
62182,C:/Users/allan/OneDrive/New_Graph/Current/2021-041-nupqu-elk-fish-passage/scripts/fish_passage_elk_2021_reporting/data/photos/62182/kyle_TC_02365_barrel.JPG,kyle_TC_02365_barrel.JPG,24
62182,C:/Users/allan/OneDrive/New_Graph/Current/2021-041-nupqu-elk-fish-passage/scripts/fish_passage_elk_2021_reporting/data/photos/62182/kyle_TC_02366.JPG,kyle_TC_02366.JPG,17
62182,C:/Users/allan/OneDrive/New_Graph/Current/2021-041-nupqu-elk-fish-passage/scripts/fish_passage_elk_2021_reporting/data/photos/62182/kyle_TC_02367.JPG,kyle_TC_02367.JPG,17
62182,C:/Users/allan/OneDrive/New_Graph/Current/2021-041-nupqu-elk-fish-passage/scripts/fish_passage_elk_2021_reporting/data/photos/62182/kyle_TC_02368_outlet.JPG,kyle_TC_02368_outlet.JPG,24
62182,C:/Users/allan/OneDrive/New_Graph/Current/2021-041-nupqu-elk-fish-passage/scripts/fish_passage_elk_2021_reporting/data/photos/62182/kyle_TC_02369.JPG,kyle_TC_02369.JPG,17
62182,C:/Users/allan/OneDrive/New_Graph/Current/2021-041-nupqu-elk-fish-passage/scripts/fish_passage_elk_2021_reporting/data/photos/62182/kyle_TC_02370_downstream.JPG,kyle_TC_02370_downstream.JPG,28
62182,C:/Users/allan/OneDrive/New_Graph/Current/2021-041-nupqu-elk-fish-passage/scripts/fish_passage_elk_2021_reporting/data/photos/62182/kyle_TC_02371.JPG,kyle_TC_02371.JPG,17
62182,C:/Users/allan/OneDrive/New_Graph/Current/2021-041-nupqu-elk-fish-passage/scripts/fish_passage_elk_2021_reporting/data/photos/62182/kyle_TC_02372.JPG,kyle_TC_02372.JPG,17
62182,C:/Users/allan/OneDrive/New_Graph/Current/2021-041-nupqu-elk-fish-passage/scripts/fish_passage_elk_2021_reporting/data/photos/62182/kyle_TC_02373.JPG,kyle_TC_02373.JPG,17
62182,C:/Users/allan/OneDrive/New_Graph/Current/2021-041-nupqu-elk-fish-passage/scripts/fish_passage_elk_2021_reporting/data/photos/62182/kyle_TC_02374.JPG,kyle_TC_02374.JPG,17
62182,C:/Users/allan/OneDrive/New_Graph/Current/2021-041-nupqu-elk-fish-passage/scripts/fish_passage_elk_2021_reporting/data/photos/62182/kyle_TC_02375.JPG,kyle_TC_02375.JPG,17
62182,C:/Users/allan/OneDrive/New_Graph/Current/2021-041-nupqu-elk-fish-passage/scripts/fish_passage_elk_2021_reporting/data/photos/62182/kyle_TC_02376.JPG,kyle_TC_02376.JPG,17
62182,C:/Users/allan/OneDrive/New_Graph/Current/2021-041-nupqu-elk-fish-passage/scripts/fish_passage_elk_2021_reporting/data/photos/62182/kyle_TC_02377.JPG,kyle_TC_02377.JPG,17
62182,C:/Users/allan/OneDrive/New_Graph/Current/2021-041-nupqu-elk-fish-passage/scripts/fish_passage_elk_2021_reporting/data/photos/62182/kyle_TC_02378.JPG,kyle_TC_02378.JPG,17
62182,C:/Users/allan/OneDrive/New_Graph/Current/2021-041-nupqu-elk-fish-passage/scripts/fish_passage_elk_2021_reporting/data/photos/62182/kyle_TC_02379.JPG,kyle_TC_02379.JPG,17
62182,C:/Users/allan/OneDrive/New_Graph/Current/2021-041-nupqu-elk-fish-passage/scripts/fish_passage_elk_2021_reporting/data/photos/62182/kyle_TC_02380.JPG,kyle_TC_02380.JPG,17
62182,C:/Users/allan/OneDrive/New_Graph/Current/2021-041-nupqu-elk-fish-passage/scripts/fish_passage_elk_2021_reporting/data/photos/62182/kyle_TC_02381.JPG,kyle_TC_02381.JPG,17
62182,C:/Users/allan/OneDrive/New_Graph/Current/2021-041-nupqu-elk-fish-passage/scripts/fish_passage_elk_2021_reporting/data/photos/62182/kyle_TC_02382.JPG,kyle_TC_02382.JPG,17
62182,C:/Users/allan/OneDrive/New_Graph/Current/2021-041-nupqu-elk-fish-passage/scripts/fish_passage_elk_2021_reporting/data/photos/62182/kyle_TC_02383.JPG,kyle_TC_02383.JPG,17
62182,C:/Users/allan/OneDrive/New_Graph/Current/2021-041-nupqu-elk-fish-passage/scripts/fish_passage_elk_2021_reporting/data/photos/62182/kyle_TC_02384.JPG,kyle_TC_02384.JPG,17
62182,C:/Users/allan/OneDrive/New_Graph/Current/2021-041-nupqu-elk-fish-passage/scripts/fish_passage_elk_2021_reporting/data/photos/62182/kyle_TC_02385.JPG,kyle_TC_02385.JPG,17
62182,C:/Users/allan/OneDrive/New_Graph/Current/2021-041-nupqu-elk-fish-passage/scripts/fish_passage_elk_2021_reporting/data/photos/62182/kyle_TC_02386.JPG,kyle_TC_02386.JPG,17
62182,C:/Users/allan/OneDrive/New_Graph/Current/2021-041-nupqu-elk-fish-passage/scripts/fish_passage_elk_2021_reporting/data/photos/62182/kyle_TC_02387.JPG,kyle_TC_02387.JPG,17
62182,C:/Users/allan/OneDrive/New_Graph/Current/2021-041-nupqu-elk-fish-passage/scripts/fish_passage_elk_2021_reporting/data/photos/62182/kyle_TC_02388_d1_k_.JPG,kyle_TC_02388_d1_k_.JPG,23
62182,C:/Users/allan/OneDrive/New_Graph/Current/2021-041-nupqu-elk-fish-passage/scripts/fish_passage_elk_2021_reporting/data/photos/62182/kyle_TC_02389.JPG,kyle_TC_02389.JPG,17
62182,C:/Users/allan/OneDrive/New_Graph/Current/2021-041-nupqu-elk-fish-passage/scripts/fish_passage_elk_2021_reporting/data/photos/62182/kyle_TC_02390.JPG,kyle_TC_02390.JPG,17
62182,C:/Users/allan/OneDrive/New_Graph/Current/2021-041-nupqu-elk-fish-passage/scripts/fish_passage_elk_2021_reporting/data/photos/62182/kyle_TC_02391.JPG,kyle_TC_02391.JPG,17
62182,C:/Users/allan/OneDrive/New_Graph/Current/2021-041-nupqu-elk-fish-passage/scripts/fish_passage_elk_2021_reporting/data/photos/62182/kyle_TC_02392.JPG,kyle_TC_02392.JPG,17
62182,C:/Users/allan/OneDrive/New_Graph/Current/2021-041-nupqu-elk-fish-passage/scripts/fish_passage_elk_2021_reporting/data/photos/62182/kyle_TC_02393.JPG,kyle_TC_02393.JPG,17
62182,C:/Users/allan/OneDrive/New_Graph/Current/2021-041-nupqu-elk-fish-passage/scripts/fish_passage_elk_2021_reporting/data/photos/62182/kyle_TC_02395.JPG,kyle_TC_02395.JPG,17
62182,C:/Users/allan/OneDrive/New_Graph/Current/2021-041-nupqu-elk-fish-passage/scripts/fish_passage_elk_2021_reporting/data/photos/62182/kyle_TC_02396.JPG,kyle_TC_02396.JPG,17
62182,C:/Users/allan/OneDrive/New_Graph/Current/2021-041-nupqu-elk-fish-passage/scripts/fish_passage_elk_2021_reporting/data/photos/62182/kyle_TC_02397.JPG,kyle_TC_02397.JPG,17
62182,C:/Users/allan/OneDrive/New_Graph/Current/2021-041-nupqu-elk-fish-passage/scripts/fish_passage_elk_2021_reporting/data/photos/62182/kyle_TC_02398.JPG,kyle_TC_02398.JPG,17
62182,C:/Users/allan/OneDrive/New_Graph/Current/2021-041-nupqu-elk-fish-passage/scripts/fish_passage_elk_2021_reporting/data/photos/62182/kyle_TC_02399.JPG,kyle_TC_02399.JPG,17
62182,C:/Users/allan/OneDrive/New_Graph/Current/2021-041-nupqu-elk-fish-passage/scripts/fish_passage_elk_2021_reporting/data/photos/62182/kyle_TC_02400.JPG,kyle_TC_02400.JPG,17
62182,C:/Users/allan/OneDrive/New_Graph/Current/2021-041-nupqu-elk-fish-passage/scripts/fish_passage_elk_2021_reporting/data/photos/62182/kyle_TC_02401.JPG,kyle_TC_02401.JPG,17
62182,C:/Users/allan/OneDrive/New_Graph/Current/2021-041-nupqu-elk-fish-passage/scripts/fish_passage_elk_2021_reporting/data/photos/62182/kyle_TC_02402.JPG,kyle_TC_02402.JPG,17
62182,C:/Users/allan/OneDrive/New_Graph/Current/2021-041-nupqu-elk-fish-passage/scripts/fish_passage_elk_2021_reporting/data/photos/62182/kyle_TC_02403.JPG,kyle_TC_02403.JPG,17
62182,C:/Users/allan/OneDrive/New_Graph/Current/2021-041-nupqu-elk-fish-passage/scripts/fish_passage_elk_2021_reporting/data/photos/62182/kyle_TC_02404.JPG,kyle_TC_02404.JPG,17
62182,C:/Users/allan/OneDrive/New_Graph/Current/2021-041-nupqu-elk-fish-passage/scripts/fish_passage_elk_2021_reporting/data/photos/62182/kyle_TC_02405.JPG,kyle_TC_02405.JPG,17
62182,C:/Users/allan/OneDrive/New_Graph/Current/2021-041-nupqu-elk-fish-passage/scripts/fish_passage_elk_2021_reporting/data/photos/62182/kyle_TC_02406.JPG,kyle_TC_02406.JPG,17
62182,C:/Users/allan/OneDrive/New_Graph/Current/2021-041-nupqu-elk-fish-passage/scripts/fish_passage_elk_2021_reporting/data/photos/62182/kyle_TC_02407.JPG,kyle_TC_02407.JPG,17
62182,C:/Users/allan/OneDrive/New_Graph/Current/2021-041-nupqu-elk-fish-passage/scripts/fish_passage_elk_2021_reporting/data/photos/62182/kyle_TC_02408.JPG,kyle_TC_02408.JPG,17
62182,C:/Users/allan/OneDrive/New_Graph/Current/2021-041-nupqu-elk-fish-passage/scripts/fish_passage_elk_2021_reporting/data/photos/62182/kyle_TC_02409.JPG,kyle_TC_02409.JPG,17
62182,C:/Users/allan/OneDrive/New_Graph/Current/2021-041-nupqu-elk-fish-passage/scripts/fish_passage_elk_2021_reporting/data/photos/62182/kyle_TC_02410.JPG,kyle_TC_02410.JPG,17
62182,C:/Users/allan/OneDrive/New_Graph/Current/2021-041-nupqu-elk-fish-passage/scripts/fish_passage_elk_2021_reporting/data/photos/62182/kyle_TC_02411_d2_k_.JPG,kyle_TC_02411_d2_k_.JPG,23
62182,C:/Users/allan/OneDrive/New_Graph/Current/2021-041-nupqu-elk-fish-passage/scripts/fish_passage_elk_2021_reporting/data/photos/62182/kyle_TC_02412.JPG,kyle_TC_02412.JPG,17
62182,C:/Users/allan/OneDrive/New_Graph/Current/2021-041-nupqu-elk-fish-passage/scripts/fish_passage_elk_2021_reporting/data/photos/62182/kyle_TC_02413.JPG,kyle_TC_02413.JPG,17
62182,C:/Users/allan/OneDrive/New_Graph/Current/2021-041-nupqu-elk-fish-passage/scripts/fish_passage_elk_2021_reporting/data/photos/62182/kyle_TC_02414.JPG,kyle_TC_02414.JPG,17
62182,C:/Users/allan/OneDrive/New_Graph/Current/2021-041-nupqu-elk-fish-passage/scripts/fish_passage_elk_2021_reporting/data/photos/62182/kyle_TC_02415.JPG,kyle_TC_02415.JPG,17
62182,C:/Users/allan/OneDrive/New_Graph/Current/2021-041-nupqu-elk-fish-passage/scripts/fish_passage_elk_2021_reporting/data/photos/62182/kyle_TC_02416.JPG,kyle_TC_02416.JPG,17
62182,C:/Users/allan/OneDrive/New_Graph/Current/2021-041-nupqu-elk-fish-passage/scripts/fish_passage_elk_2021_reporting/data/photos/62182/kyle_TC_02417.JPG,kyle_TC_02417.JPG,17
62182,C:/Users/allan/OneDrive/New_Graph/Current/2021-041-nupqu-elk-fish-passage/scripts/fish_passage_elk_2021_reporting/data/photos/62182/kyle_TC_02418.JPG,kyle_TC_02418.JPG,17
62182,C:/Users/allan/OneDrive/New_Graph/Current/2021-041-nupqu-elk-fish-passage/scripts/fish_passage_elk_2021_reporting/data/photos/62182/kyle_TC_02419.JPG,kyle_TC_02419.JPG,17
62182,C:/Users/allan/OneDrive/New_Graph/Current/2021-041-nupqu-elk-fish-passage/scripts/fish_passage_elk_2021_reporting/data/photos/62182/kyle_TC_02420.JPG,kyle_TC_02420.JPG,17
62182,C:/Users/allan/OneDrive/New_Graph/Current/2021-041-nupqu-elk-fish-passage/scripts/fish_passage_elk_2021_reporting/data/photos/62182/kyle_TC_02421.JPG,kyle_TC_02421.JPG,17
62182,C:/Users/allan/OneDrive/New_Graph/Current/2021-041-nupqu-elk-fish-passage/scripts/fish_passage_elk_2021_reporting/data/photos/62182/kyle_TC_02422.JPG,kyle_TC_02422.JPG,17
62182,C:/Users/allan/OneDrive/New_Graph/Current/2021-041-nupqu-elk-fish-passage/scripts/fish_passage_elk_2021_reporting/data/photos/62182/kyle_TC_02423.JPG,kyle_TC_02423.JPG,17
62182,C:/Users/allan/OneDrive/New_Graph/Current/2021-041-nupqu-elk-fish-passage/scripts/fish_passage_elk_2021_reporting/data/photos/62182/kyle_TC_02424.JPG,kyle_TC_02424.JPG,17
62182,C:/Users/allan/OneDrive/New_Graph/Current/2021-041-nupqu-elk-fish-passage/scripts/fish_passage_elk_2021_reporting/data/photos/62182/kyle_TC_02425.JPG,kyle_TC_02425.JPG,17
62182,C:/Users/allan/OneDrive/New_Graph/Current/2021-041-nupqu-elk-fish-passage/scripts/fish_passage_elk_2021_reporting/data/photos/62182/kyle_TC_02426.JPG,kyle_TC_02426.JPG,17
62182,C:/Users/allan/OneDrive/New_Graph/Current/2021-041-nupqu-elk-fish-passage/scripts/fish_passage_elk_2021_reporting/data/photos/62182/kyle_TC_02427.JPG,kyle_TC_02427.JPG,17
197844,C:/Users/allan/OneDrive/New_Graph/Current/2021-041-nupqu-elk-fish-passage/scripts/fish_passage_elk_2021_reporting/data/photos/197844/al_IMG_7055.JPG,al_IMG_7055.JPG,15
197844,C:/Users/allan/OneDrive/New_Graph/Current/2021-041-nupqu-elk-fish-passage/scripts/fish_passage_elk_2021_reporting/data/photos/197844/al_IMG_7056.JPG,al_IMG_7056.JPG,15
197844,C:/Users/allan/OneDrive/New_Graph/Current/2021-041-nupqu-elk-fish-passage/scripts/fish_passage_elk_2021_reporting/data/photos/197844/al_IMG_7057.JPG,al_IMG_7057.JPG,15
197844,C:/Users/allan/OneDrive/New_Graph/Current/2021-041-nupqu-elk-fish-passage/scripts/fish_passage_elk_2021_reporting/data/photos/197844/al_IMG_7058.JPG,al_IMG_7058.JPG,15
197844,C:/Users/allan/OneDrive/New_Graph/Current/2021-041-nupqu-elk-fish-passage/scripts/fish_passage_elk_2021_reporting/data/photos/197844/al_IMG_7059.JPG,al_IMG_7059.JPG,15
197844,C:/Users/allan/OneDrive/New_Graph/Current/2021-041-nupqu-elk-fish-passage/scripts/fish_passage_elk_2021_reporting/data/photos/197844/al_IMG_7060.JPG,al_IMG_7060.JPG,15
197844,C:/Users/allan/OneDrive/New_Graph/Current/2021-041-nupqu-elk-fish-passage/scripts/fish_passage_elk_2021_reporting/data/photos/197844/al_IMG_7061.JPG,al_IMG_7061.JPG,15
197844,C:/Users/allan/OneDrive/New_Graph/Current/2021-041-nupqu-elk-fish-passage/scripts/fish_passage_elk_2021_reporting/data/photos/197844/al_IMG_7062.JPG,al_IMG_7062.JPG,15
197844,C:/Users/allan/OneDrive/New_Graph/Current/2021-041-nupqu-elk-fish-passage/scripts/fish_passage_elk_2021_reporting/data/photos/197844/al_IMG_7063_u1_k_.JPG,al_IMG_7063_u1_k_.JPG,21
197844,C:/Users/allan/OneDrive/New_Graph/Current/2021-041-nupqu-elk-fish-passage/scripts/fish_passage_elk_2021_reporting/data/photos/197844/al_IMG_7065.JPG,al_IMG_7065.JPG,15
197844,C:/Users/allan/OneDrive/New_Graph/Current/2021-041-nupqu-elk-fish-passage/scripts/fish_passage_elk_2021_reporting/data/photos/197844/al_IMG_7066_u2_k_.JPG,al_IMG_7066_u2_k_.JPG,21
197844,C:/Users/allan/OneDrive/New_Graph/Current/2021-041-nupqu-elk-fish-passage/scripts/fish_passage_elk_2021_reporting/data/photos/197844/al_IMG_7067.JPG,al_IMG_7067.JPG,15
197844,C:/Users/allan/OneDrive/New_Graph/Current/2021-041-nupqu-elk-fish-passage/scripts/fish_passage_elk_2021_reporting/data/photos/197844/crossing_all.JPG,crossing_all.JPG,16
197844,C:/Users/allan/OneDrive/New_Graph/Current/2021-041-nupqu-elk-fish-passage/scripts/fish_passage_elk_2021_reporting/data/photos/197844/kyle_TC_02315_road.JPG,kyle_TC_02315_road.JPG,22
197844,C:/Users/allan/OneDrive/New_Graph/Current/2021-041-nupqu-elk-fish-passage/scripts/fish_passage_elk_2021_reporting/data/photos/197844/kyle_TC_02316.JPG,kyle_TC_02316.JPG,17
197844,C:/Users/allan/OneDrive/New_Graph/Current/2021-041-nupqu-elk-fish-passage/scripts/fish_passage_elk_2021_reporting/data/photos/197844/kyle_TC_02317_upstream.JPG,kyle_TC_02317_upstream.JPG,26
197844,C:/Users/allan/OneDrive/New_Graph/Current/2021-041-nupqu-elk-fish-passage/scripts/fish_passage_elk_2021_reporting/data/photos/197844/kyle_TC_02318_inlet.JPG,kyle_TC_02318_inlet.JPG,23
197844,C:/Users/allan/OneDrive/New_Graph/Current/2021-041-nupqu-elk-fish-passage/scripts/fish_passage_elk_2021_reporting/data/photos/197844/kyle_TC_02319_barrel.JPG,kyle_TC_02319_barrel.JPG,24
197844,C:/Users/allan/OneDrive/New_Graph/Current/2021-041-nupqu-elk-fish-passage/scripts/fish_passage_elk_2021_reporting/data/photos/197844/kyle_TC_02320_outlet.JPG,kyle_TC_02320_outlet.JPG,24
197844,C:/Users/allan/OneDrive/New_Graph/Current/2021-041-nupqu-elk-fish-passage/scripts/fish_passage_elk_2021_reporting/data/photos/197844/kyle_TC_02321.JPG,kyle_TC_02321.JPG,17
197844,C:/Users/allan/OneDrive/New_Graph/Current/2021-041-nupqu-elk-fish-passage/scripts/fish_passage_elk_2021_reporting/data/photos/197844/kyle_TC_02322.JPG,kyle_TC_02322.JPG,17
197844,C:/Users/allan/OneDrive/New_Graph/Current/2021-041-nupqu-elk-fish-passage/scripts/fish_passage_elk_2021_reporting/data/photos/197844/kyle_TC_02875_downstream.JPG,kyle_TC_02875_downstream.JPG,28
197844,C:/Users/allan/OneDrive/New_Graph/Current/2021-041-nupqu-elk-fish-passage/scripts/fish_passage_elk_2021_reporting/data/photos/197844/kyle_TC_02876.JPG,kyle_TC_02876.JPG,17
197844,C:/Users/allan/OneDrive/New_Graph/Current/2021-041-nupqu-elk-fish-passage/scripts/fish_passage_elk_2021_reporting/data/photos/197844/kyle_TC_02877.JPG,kyle_TC_02877.JPG,17
197844,C:/Users/allan/OneDrive/New_Graph/Current/2021-041-nupqu-elk-fish-passage/scripts/fish_passage_elk_2021_reporting/data/photos/197844/kyle_TC_02878.JPG,kyle_TC_02878.JPG,17
197844,C:/Users/allan/OneDrive/New_Graph/Current/2021-041-nupqu-elk-fish-passage/scripts/fish_passage_elk_2021_reporting/data/photos/197844/kyle_TC_02879.JPG,kyle_TC_02879.JPG,17
197844,C:/Users/allan/OneDrive/New_Graph/Current/2021-041-nupqu-elk-fish-passage/scripts/fish_passage_elk_2021_reporting/data/photos/197844/kyle_TC_02880.JPG,kyle_TC_02880.JPG,17
197844,C:/Users/allan/OneDrive/New_Graph/Current/2021-041-nupqu-elk-fish-passage/scripts/fish_passage_elk_2021_reporting/data/photos/197844/kyle_TC_02881.JPG,kyle_TC_02881.JPG,17
197844,C:/Users/allan/OneDrive/New_Graph/Current/2021-041-nupqu-elk-fish-passage/scripts/fish_passage_elk_2021_reporting/data/photos/197844/kyle_TC_02882.JPG,kyle_TC_02882.JPG,17
197844,C:/Users/allan/OneDrive/New_Graph/Current/2021-041-nupqu-elk-fish-passage/scripts/fish_passage_elk_2021_reporting/data/photos/197844/kyle_TC_02883.JPG,kyle_TC_02883.JPG,17
197844,C:/Users/allan/OneDrive/New_Graph/Current/2021-041-nupqu-elk-fish-passage/scripts/fish_passage_elk_2021_reporting/data/photos/197844/kyle_TC_02884.JPG,kyle_TC_02884.JPG,17
197844,C:/Users/allan/OneDrive/New_Graph/Current/2021-041-nupqu-elk-fish-passage/scripts/fish_passage_elk_2021_reporting/data/photos/197844/kyle_TC_02885.JPG,kyle_TC_02885.JPG,17
197844,C:/Users/allan/OneDrive/New_Graph/Current/2021-041-nupqu-elk-fish-passage/scripts/fish_passage_elk_2021_reporting/data/photos/197844/kyle_TC_02886.JPG,kyle_TC_02886.JPG,17
197844,C:/Users/allan/OneDrive/New_Graph/Current/2021-041-nupqu-elk-fish-passage/scripts/fish_passage_elk_2021_reporting/data/photos/197844/kyle_TC_02887.JPG,kyle_TC_02887.JPG,17
197844,C:/Users/allan/OneDrive/New_Graph/Current/2021-041-nupqu-elk-fish-passage/scripts/fish_passage_elk_2021_reporting/data/photos/197844/kyle_TC_02888.JPG,kyle_TC_02888.JPG,17
197844,C:/Users/allan/OneDrive/New_Graph/Current/2021-041-nupqu-elk-fish-passage/scripts/fish_passage_elk_2021_reporting/data/photos/197844/kyle_TC_02889.JPG,kyle_TC_02889.JPG,17
197844,C:/Users/allan/OneDrive/New_Graph/Current/2021-041-nupqu-elk-fish-passage/scripts/fish_passage_elk_2021_reporting/data/photos/197844/kyle_TC_02890.JPG,kyle_TC_02890.JPG,17
197844,C:/Users/allan/OneDrive/New_Graph/Current/2021-041-nupqu-elk-fish-passage/scripts/fish_passage_elk_2021_reporting/data/photos/197844/kyle_TC_02891_d1_k_.JPG,kyle_TC_02891_d1_k_.JPG,23
197844,C:/Users/allan/OneDrive/New_Graph/Current/2021-041-nupqu-elk-fish-passage/scripts/fish_passage_elk_2021_reporting/data/photos/197844/kyle_TC_02892.JPG,kyle_TC_02892.JPG,17
197844,C:/Users/allan/OneDrive/New_Graph/Current/2021-041-nupqu-elk-fish-passage/scripts/fish_passage_elk_2021_reporting/data/photos/197844/kyle_TC_02893.JPG,kyle_TC_02893.JPG,17
197844,C:/Users/allan/OneDrive/New_Graph/Current/2021-041-nupqu-elk-fish-passage/scripts/fish_passage_elk_2021_reporting/data/photos/197844/kyle_TC_02894.JPG,kyle_TC_02894.JPG,17
197844,C:/Users/allan/OneDrive/New_Graph/Current/2021-041-nupqu-elk-fish-passage/scripts/fish_passage_elk_2021_reporting/data/photos/197844/kyle_TC_02895.JPG,kyle_TC_02895.JPG,17
197844,C:/Users/allan/OneDrive/New_Graph/Current/2021-041-nupqu-elk-fish-passage/scripts/fish_passage_elk_2021_reporting/data/photos/197844/kyle_TC_02896.JPG,kyle_TC_02896.JPG,17
197844,C:/Users/allan/OneDrive/New_Graph/Current/2021-041-nupqu-elk-fish-passage/scripts/fish_passage_elk_2021_reporting/data/photos/197844/kyle_TC_02897_d2_k_.JPG,kyle_TC_02897_d2_k_.JPG,23
197844,C:/Users/allan/OneDrive/New_Graph/Current/2021-041-nupqu-elk-fish-passage/scripts/fish_passage_elk_2021_reporting/data/photos/197844/kyle_TC_02898.JPG,kyle_TC_02898.JPG,17
197844,C:/Users/allan/OneDrive/New_Graph/Current/2021-041-nupqu-elk-fish-passage/scripts/fish_passage_elk_2021_reporting/data/photos/197844/kyle_TC_02899.JPG,kyle_TC_02899.JPG,17
197844,C:/Users/allan/OneDrive/New_Graph/Current/2021-041-nupqu-elk-fish-passage/scripts/fish_passage_elk_2021_reporting/data/photos/197844/kyle_TC_02900.JPG,kyle_TC_02900.JPG,17
197844,C:/Users/allan/OneDrive/New_Graph/Current/2021-041-nupqu-elk-fish-passage/scripts/fish_passage_elk_2021_reporting/data/photos/197844/kyle_TC_02901.JPG,kyle_TC_02901.JPG,17
197844,C:/Users/allan/OneDrive/New_Graph/Current/2021-041-nupqu-elk-fish-passage/scripts/fish_passage_elk_2021_reporting/data/photos/197844/kyle_TC_02902.JPG,kyle_TC_02902.JPG,17
197844,C:/Users/allan/OneDrive/New_Graph/Current/2021-041-nupqu-elk-fish-passage/scripts/fish_passage_elk_2021_reporting/data/photos/197844/kyle_TC_02903.JPG,kyle_TC_02903.JPG,17
197844,C:/Users/allan/OneDrive/New_Graph/Current/2021-041-nupqu-elk-fish-passage/scripts/fish_passage_elk_2021_reporting/data/photos/197844/kyle_TC_02904.JPG,kyle_TC_02904.JPG,17
197844,C:/Users/allan/OneDrive/New_Graph/Current/2021-041-nupqu-elk-fish-passage/scripts/fish_passage_elk_2021_reporting/data/photos/197844/kyle_TC_02905.JPG,kyle_TC_02905.JPG,17
197844,C:/Users/allan/OneDrive/New_Graph/Current/2021-041-nupqu-elk-fish-passage/scripts/fish_passage_elk_2021_reporting/data/photos/197844/kyle_TC_02906.JPG,kyle_TC_02906.JPG,17
197844,C:/Users/allan/OneDrive/New_Graph/Current/2021-041-nupqu-elk-fish-passage/scripts/fish_passage_elk_2021_reporting/data/photos/197844/kyle_TC_02907.JPG,kyle_TC_02907.JPG,17
197844,C:/Users/allan/OneDrive/New_Graph/Current/2021-041-nupqu-elk-fish-passage/scripts/fish_passage_elk_2021_reporting/data/photos/197844/kyle_TC_02908.JPG,kyle_TC_02908.JPG,17
197844,C:/Users/allan/OneDrive/New_Graph/Current/2021-041-nupqu-elk-fish-passage/scripts/fish_passage_elk_2021_reporting/data/photos/197844/kyle_TC_02909.JPG,kyle_TC_02909.JPG,17
197844,C:/Users/allan/OneDrive/New_Graph/Current/2021-041-nupqu-elk-fish-passage/scripts/fish_passage_elk_2021_reporting/data/photos/197844/kyle_TC_02910.JPG,kyle_TC_02910.JPG,17
197844,C:/Users/allan/OneDrive/New_Graph/Current/2021-041-nupqu-elk-fish-passage/scripts/fish_passage_elk_2021_reporting/data/photos/197844/kyle_TC_02911.JPG,kyle_TC_02911.JPG,17
197844,C:/Users/allan/OneDrive/New_Graph/Current/2021-041-nupqu-elk-fish-passage/scripts/fish_passage_elk_2021_reporting/data/photos/197844/kyle_TC_02912.JPG,kyle_TC_02912.JPG,17
197844,C:/Users/allan/OneDrive/New_Graph/Current/2021-041-nupqu-elk-fish-passage/scripts/fish_passage_elk_2021_reporting/data/photos/197844/kyle_TC_02913.JPG,kyle_TC_02913.JPG,17
197844,C:/Users/allan/OneDrive/New_Graph/Current/2021-041-nupqu-elk-fish-passage/scripts/fish_passage_elk_2021_reporting/data/photos/197844/kyle_TC_02914.JPG,kyle_TC_02914.JPG,17
197844,C:/Users/allan/OneDrive/New_Graph/Current/2021-041-nupqu-elk-fish-passage/scripts/fish_passage_elk_2021_reporting/data/photos/197844/kyle_TC_02915.JPG,kyle_TC_02915.JPG,17
197844,C:/Users/allan/OneDrive/New_Graph/Current/2021-041-nupqu-elk-fish-passage/scripts/fish_passage_elk_2021_reporting/data/photos/197844/kyle_TC_02916.JPG,kyle_TC_02916.JPG,17
197844,C:/Users/allan/OneDrive/New_Graph/Current/2021-041-nupqu-elk-fish-passage/scripts/fish_passage_elk_2021_reporting/data/photos/197844/kyle_TC_02917.JPG,kyle_TC_02917.JPG,17
197844,C:/Users/allan/OneDrive/New_Graph/Current/2021-041-nupqu-elk-fish-passage/scripts/fish_passage_elk_2021_reporting/data/photos/197844/kyle_TC_02918.JPG,kyle_TC_02918.JPG,17
197844,C:/Users/allan/OneDrive/New_Graph/Current/2021-041-nupqu-elk-fish-passage/scripts/fish_passage_elk_2021_reporting/data/photos/197844/kyle_TC_02919.JPG,kyle_TC_02919.JPG,17
197844,C:/Users/allan/OneDrive/New_Graph/Current/2021-041-nupqu-elk-fish-passage/scripts/fish_passage_elk_2021_reporting/data/photos/197844/kyle_TC_02920.JPG,kyle_TC_02920.JPG,17
197844,C:/Users/allan/OneDrive/New_Graph/Current/2021-041-nupqu-elk-fish-passage/scripts/fish_passage_elk_2021_reporting/data/photos/197844/kyle_TC_02921.JPG,kyle_TC_02921.JPG,17
197844,C:/Users/allan/OneDrive/New_Graph/Current/2021-041-nupqu-elk-fish-passage/scripts/fish_passage_elk_2021_reporting/data/photos/197844/kyle_TC_02922.JPG,kyle_TC_02922.JPG,17
197844,C:/Users/allan/OneDrive/New_Graph/Current/2021-041-nupqu-elk-fish-passage/scripts/fish_passage_elk_2021_reporting/data/photos/197844/kyle_TC_02923.JPG,kyle_TC_02923.JPG,17
197844,C:/Users/allan/OneDrive/New_Graph/Current/2021-041-nupqu-elk-fish-passage/scripts/fish_passage_elk_2021_reporting/data/photos/197844/kyle_TC_02924.JPG,kyle_TC_02924.JPG,17
197844,C:/Users/allan/OneDrive/New_Graph/Current/2021-041-nupqu-elk-fish-passage/scripts/fish_passage_elk_2021_reporting/data/photos/197844/kyle_TC_02925.JPG,kyle_TC_02925.JPG,17
197844,C:/Users/allan/OneDrive/New_Graph/Current/2021-041-nupqu-elk-fish-passage/scripts/fish_passage_elk_2021_reporting/data/photos/197844/kyle_TC_02926.JPG,kyle_TC_02926.JPG,17
197844,C:/Users/allan/OneDrive/New_Graph/Current/2021-041-nupqu-elk-fish-passage/scripts/fish_passage_elk_2021_reporting/data/photos/197844/kyle_TC_02927.JPG,kyle_TC_02927.JPG,17
197844,C:/Users/allan/OneDrive/New_Graph/Current/2021-041-nupqu-elk-fish-passage/scripts/fish_passage_elk_2021_reporting/data/photos/197844/kyle_TC_02928.JPG,kyle_TC_02928.JPG,17
197844,C:/Users/allan/OneDrive/New_Graph/Current/2021-041-nupqu-elk-fish-passage/scripts/fish_passage_elk_2021_reporting/data/photos/197844/kyle_TC_02929.JPG,kyle_TC_02929.JPG,17
197844,C:/Users/allan/OneDrive/New_Graph/Current/2021-041-nupqu-elk-fish-passage/scripts/fish_passage_elk_2021_reporting/data/photos/197844/kyle_TC_02930.JPG,kyle_TC_02930.JPG,17
197844,C:/Users/allan/OneDrive/New_Graph/Current/2021-041-nupqu-elk-fish-passage/scripts/fish_passage_elk_2021_reporting/data/photos/197844/kyle_TC_02931.JPG,kyle_TC_02931.JPG,17
197844,C:/Users/allan/OneDrive/New_Graph/Current/2021-041-nupqu-elk-fish-passage/scripts/fish_passage_elk_2021_reporting/data/photos/197844/kyle_TC_02932.JPG,kyle_TC_02932.JPG,17
197844,C:/Users/allan/OneDrive/New_Graph/Current/2021-041-nupqu-elk-fish-passage/scripts/fish_passage_elk_2021_reporting/data/photos/197844/kyle_TC_02933.JPG,kyle_TC_02933.JPG,17
197844,C:/Users/allan/OneDrive/New_Graph/Current/2021-041-nupqu-elk-fish-passage/scripts/fish_passage_elk_2021_reporting/data/photos/197844/kyle_TC_02934.JPG,kyle_TC_02934.JPG,17
197844,C:/Users/allan/OneDrive/New_Graph/Current/2021-041-nupqu-elk-fish-passage/scripts/fish_passage_elk_2021_reporting/data/photos/197844/kyle_TC_02935.JPG,kyle_TC_02935.JPG,17
197844,C:/Users/allan/OneDrive/New_Graph/Current/2021-041-nupqu-elk-fish-passage/scripts/fish_passage_elk_2021_reporting/data/photos/197844/kyle_TC_02936.JPG,kyle_TC_02936.JPG,17
197844,C:/Users/allan/OneDrive/New_Graph/Current/2021-041-nupqu-elk-fish-passage/scripts/fish_passage_elk_2021_reporting/data/photos/197844/kyle_TC_02937.JPG,kyle_TC_02937.JPG,17
197844,C:/Users/allan/OneDrive/New_Graph/Current/2021-041-nupqu-elk-fish-passage/scripts/fish_passage_elk_2021_reporting/data/photos/197844/kyle_TC_02938.JPG,kyle_TC_02938.JPG,17
197844,C:/Users/allan/OneDrive/New_Graph/Current/2021-041-nupqu-elk-fish-passage/scripts/fish_passage_elk_2021_reporting/data/photos/197844/kyle_TC_02939.JPG,kyle_TC_02939.JPG,17
197844,C:/Users/allan/OneDrive/New_Graph/Current/2021-041-nupqu-elk-fish-passage/scripts/fish_passage_elk_2021_reporting/data/photos/197844/kyle_TC_02940.JPG,kyle_TC_02940.JPG,17
197844,C:/Users/allan/OneDrive/New_Graph/Current/2021-041-nupqu-elk-fish-passage/scripts/fish_passage_elk_2021_reporting/data/photos/197844/kyle_TC_02941.JPG,kyle_TC_02941.JPG,17
197844,C:/Users/allan/OneDrive/New_Graph/Current/2021-041-nupqu-elk-fish-passage/scripts/fish_passage_elk_2021_reporting/data/photos/197844/kyle_TC_02943.JPG,kyle_TC_02943.JPG,17
197844,C:/Users/allan/OneDrive/New_Graph/Current/2021-041-nupqu-elk-fish-passage/scripts/fish_passage_elk_2021_reporting/data/photos/197844/kyle_TC_02944.JPG,kyle_TC_02944.JPG,17
197844,C:/Users/allan/OneDrive/New_Graph/Current/2021-041-nupqu-elk-fish-passage/scripts/fish_passage_elk_2021_reporting/data/photos/197844/kyle_TC_02945.JPG,kyle_TC_02945.JPG,17
197844,C:/Users/allan/OneDrive/New_Graph/Current/2021-041-nupqu-elk-fish-passage/scripts/fish_passage_elk_2021_reporting/data/photos/197844/kyle_TC_02948.JPG,kyle_TC_02948.JPG,17
197844,C:/Users/allan/OneDrive/New_Graph/Current/2021-041-nupqu-elk-fish-passage/scripts/fish_passage_elk_2021_reporting/data/photos/197844/kyle_TC_02949.JPG,kyle_TC_02949.JPG,17
61504,C:/Users/allan/OneDrive/New_Graph/Current/2021-041-nupqu-elk-fish-passage/scripts/fish_passage_elk_2021_reporting/data/photos/61504/al_IMG_7196_u1_k_.JPG,al_IMG_7196_u1_k_.JPG,21
61504,C:/Users/allan/OneDrive/New_Graph/Current/2021-041-nupqu-elk-fish-passage/scripts/fish_passage_elk_2021_reporting/data/photos/61504/al_IMG_7197.JPG,al_IMG_7197.JPG,15
61504,C:/Users/allan/OneDrive/New_Graph/Current/2021-041-nupqu-elk-fish-passage/scripts/fish_passage_elk_2021_reporting/data/photos/61504/al_IMG_7198_barrel.JPG,al_IMG_7198_barrel.JPG,22
61504,C:/Users/allan/OneDrive/New_Graph/Current/2021-041-nupqu-elk-fish-passage/scripts/fish_passage_elk_2021_reporting/data/photos/61504/al_IMG_7199.JPG,al_IMG_7199.JPG,15
61504,C:/Users/allan/OneDrive/New_Graph/Current/2021-041-nupqu-elk-fish-passage/scripts/fish_passage_elk_2021_reporting/data/photos/61504/al_IMG_7200_upstream.JPG,al_IMG_7200_upstream.JPG,24
61504,C:/Users/allan/OneDrive/New_Graph/Current/2021-041-nupqu-elk-fish-passage/scripts/fish_passage_elk_2021_reporting/data/photos/61504/al_IMG_7202_road.JPG,al_IMG_7202_road.JPG,20
61504,C:/Users/allan/OneDrive/New_Graph/Current/2021-041-nupqu-elk-fish-passage/scripts/fish_passage_elk_2021_reporting/data/photos/61504/al_IMG_7203.JPG,al_IMG_7203.JPG,15
61504,C:/Users/allan/OneDrive/New_Graph/Current/2021-041-nupqu-elk-fish-passage/scripts/fish_passage_elk_2021_reporting/data/photos/61504/al_IMG_7204_downstream.JPG,al_IMG_7204_downstream.JPG,26
61504,C:/Users/allan/OneDrive/New_Graph/Current/2021-041-nupqu-elk-fish-passage/scripts/fish_passage_elk_2021_reporting/data/photos/61504/al_IMG_7205_inlet.JPG,al_IMG_7205_inlet.JPG,21
61504,C:/Users/allan/OneDrive/New_Graph/Current/2021-041-nupqu-elk-fish-passage/scripts/fish_passage_elk_2021_reporting/data/photos/61504/al_IMG_7206_outlet.JPG,al_IMG_7206_outlet.JPG,22
61504,C:/Users/allan/OneDrive/New_Graph/Current/2021-041-nupqu-elk-fish-passage/scripts/fish_passage_elk_2021_reporting/data/photos/61504/al_IMG_7207.JPG,al_IMG_7207.JPG,15
61504,C:/Users/allan/OneDrive/New_Graph/Current/2021-041-nupqu-elk-fish-passage/scripts/fish_passage_elk_2021_reporting/data/photos/61504/al_IMG_7208.JPG,al_IMG_7208.JPG,15
61504,C:/Users/allan/OneDrive/New_Graph/Current/2021-041-nupqu-elk-fish-passage/scripts/fish_passage_elk_2021_reporting/data/photos/61504/al_IMG_7209.JPG,al_IMG_7209.JPG,15
61504,C:/Users/allan/OneDrive/New_Graph/Current/2021-041-nupqu-elk-fish-passage/scripts/fish_passage_elk_2021_reporting/data/photos/61504/al_IMG_7210.JPG,al_IMG_7210.JPG,15
61504,C:/Users/allan/OneDrive/New_Graph/Current/2021-041-nupqu-elk-fish-passage/scripts/fish_passage_elk_2021_reporting/data/photos/61504/al_IMG_7211.JPG,al_IMG_7211.JPG,15
61504,C:/Users/allan/OneDrive/New_Graph/Current/2021-041-nupqu-elk-fish-passage/scripts/fish_passage_elk_2021_reporting/data/photos/61504/al_IMG_7212.JPG,al_IMG_7212.JPG,15
61504,C:/Users/allan/OneDrive/New_Graph/Current/2021-041-nupqu-elk-fish-passage/scripts/fish_passage_elk_2021_reporting/data/photos/61504/al_IMG_7213.JPG,al_IMG_7213.JPG,15
61504,C:/Users/allan/OneDrive/New_Graph/Current/2021-041-nupqu-elk-fish-passage/scripts/fish_passage_elk_2021_reporting/data/photos/61504/al_IMG_7214_u3_k_.JPG,al_IMG_7214_u3_k_.JPG,21
61504,C:/Users/allan/OneDrive/New_Graph/Current/2021-041-nupqu-elk-fish-passage/scripts/fish_passage_elk_2021_reporting/data/photos/61504/al_IMG_7215.JPG,al_IMG_7215.JPG,15
61504,C:/Users/allan/OneDrive/New_Graph/Current/2021-041-nupqu-elk-fish-passage/scripts/fish_passage_elk_2021_reporting/data/photos/61504/al_IMG_7216.JPG,al_IMG_7216.JPG,15
61504,C:/Users/allan/OneDrive/New_Graph/Current/2021-041-nupqu-elk-fish-passage/scripts/fish_passage_elk_2021_reporting/data/photos/61504/al_IMG_7217.JPG,al_IMG_7217.JPG,15
61504,C:/Users/allan/OneDrive/New_Graph/Current/2021-041-nupqu-elk-fish-passage/scripts/fish_passage_elk_2021_reporting/data/photos/61504/al_IMG_7218_u4_k_.JPG,al_IMG_7218_u4_k_.JPG,21
61504,C:/Users/allan/OneDrive/New_Graph/Current/2021-041-nupqu-elk-fish-passage/scripts/fish_passage_elk_2021_reporting/data/photos/61504/al_IMG_7219.JPG,al_IMG_7219.JPG,15
61504,C:/Users/allan/OneDrive/New_Graph/Current/2021-041-nupqu-elk-fish-passage/scripts/fish_passage_elk_2021_reporting/data/photos/61504/al_IMG_7220.JPG,al_IMG_7220.JPG,15
61504,C:/Users/allan/OneDrive/New_Graph/Current/2021-041-nupqu-elk-fish-passage/scripts/fish_passage_elk_2021_reporting/data/photos/61504/al_IMG_7221.JPG,al_IMG_7221.JPG,15
61504,C:/Users/allan/OneDrive/New_Graph/Current/2021-041-nupqu-elk-fish-passage/scripts/fish_passage_elk_2021_reporting/data/photos/61504/b7d90d39-a700-4970-9ddc-0f508fa0d8fe.JPG,b7d90d39-a700-4970-9ddc-0f508fa0d8fe.JPG,40
61504,C:/Users/allan/OneDrive/New_Graph/Current/2021-041-nupqu-elk-fish-passage/scripts/fish_passage_elk_2021_reporting/data/photos/61504/brody_TimePhoto_20211015_100220.JPG,brody_TimePhoto_20211015_100220.JPG,35
61504,C:/Users/allan/OneDrive/New_Graph/Current/2021-041-nupqu-elk-fish-passage/scripts/fish_passage_elk_2021_reporting/data/photos/61504/brody_TimePhoto_20211015_100948.JPG,brody_TimePhoto_20211015_100948.JPG,35
61504,C:/Users/allan/OneDrive/New_Graph/Current/2021-041-nupqu-elk-fish-passage/scripts/fish_passage_elk_2021_reporting/data/photos/61504/brody_TimePhoto_20211015_101806.JPG,brody_TimePhoto_20211015_101806.JPG,35
61504,C:/Users/allan/OneDrive/New_Graph/Current/2021-041-nupqu-elk-fish-passage/scripts/fish_passage_elk_2021_reporting/data/photos/61504/brody_TimePhoto_20211015_102006.JPG,brody_TimePhoto_20211015_102006.JPG,35
61504,C:/Users/allan/OneDrive/New_Graph/Current/2021-041-nupqu-elk-fish-passage/scripts/fish_passage_elk_2021_reporting/data/photos/61504/brody_TimePhoto_20211015_102611_u5_k_.JPG,brody_TimePhoto_20211015_102611_u5_k_.JPG,41
61504,C:/Users/allan/OneDrive/New_Graph/Current/2021-041-nupqu-elk-fish-passage/scripts/fish_passage_elk_2021_reporting/data/photos/61504/brody_TimePhoto_20211015_102956.JPG,brody_TimePhoto_20211015_102956.JPG,35
61504,C:/Users/allan/OneDrive/New_Graph/Current/2021-041-nupqu-elk-fish-passage/scripts/fish_passage_elk_2021_reporting/data/photos/61504/brody_TimePhoto_20211015_110145.JPG,brody_TimePhoto_20211015_110145.JPG,35
61504,C:/Users/allan/OneDrive/New_Graph/Current/2021-041-nupqu-elk-fish-passage/scripts/fish_passage_elk_2021_reporting/data/photos/61504/brody_TimePhoto_20211015_110149.JPG,brody_TimePhoto_20211015_110149.JPG,35
61504,C:/Users/allan/OneDrive/New_Graph/Current/2021-041-nupqu-elk-fish-passage/scripts/fish_passage_elk_2021_reporting/data/photos/61504/brody_TimePhoto_20211015_111104_d6_k_.JPG,brody_TimePhoto_20211015_111104_d6_k_.JPG,41
61504,C:/Users/allan/OneDrive/New_Graph/Current/2021-041-nupqu-elk-fish-passage/scripts/fish_passage_elk_2021_reporting/data/photos/61504/brody_TimePhoto_20211015_111108.JPG,brody_TimePhoto_20211015_111108.JPG,35
61504,C:/Users/allan/OneDrive/New_Graph/Current/2021-041-nupqu-elk-fish-passage/scripts/fish_passage_elk_2021_reporting/data/photos/61504/brody_TimePhoto_20211015_111901.JPG,brody_TimePhoto_20211015_111901.JPG,35
61504,C:/Users/allan/OneDrive/New_Graph/Current/2021-041-nupqu-elk-fish-passage/scripts/fish_passage_elk_2021_reporting/data/photos/61504/brody_TimePhoto_20211015_111908.JPG,brody_TimePhoto_20211015_111908.JPG,35
61504,C:/Users/allan/OneDrive/New_Graph/Current/2021-041-nupqu-elk-fish-passage/scripts/fish_passage_elk_2021_reporting/data/photos/61504/brody_TimePhoto_20211015_112419.JPG,brody_TimePhoto_20211015_112419.JPG,35
61504,C:/Users/allan/OneDrive/New_Graph/Current/2021-041-nupqu-elk-fish-passage/scripts/fish_passage_elk_2021_reporting/data/photos/61504/brody_TimePhoto_20211015_112425.JPG,brody_TimePhoto_20211015_112425.JPG,35
61504,C:/Users/allan/OneDrive/New_Graph/Current/2021-041-nupqu-elk-fish-passage/scripts/fish_passage_elk_2021_reporting/data/photos/61504/brody_TimePhoto_20211015_112958.JPG,brody_TimePhoto_20211015_112958.JPG,35
61504,C:/Users/allan/OneDrive/New_Graph/Current/2021-041-nupqu-elk-fish-passage/scripts/fish_passage_elk_2021_reporting/data/photos/61504/brody_TimePhoto_20211015_113004.JPG,brody_TimePhoto_20211015_113004.JPG,35
61504,C:/Users/allan/OneDrive/New_Graph/Current/2021-041-nupqu-elk-fish-passage/scripts/fish_passage_elk_2021_reporting/data/photos/61504/brody_TimePhoto_20211015_113018.JPG,brody_TimePhoto_20211015_113018.JPG,35
61504,C:/Users/allan/OneDrive/New_Graph/Current/2021-041-nupqu-elk-fish-passage/scripts/fish_passage_elk_2021_reporting/data/photos/61504/brody_TimePhoto_20211015_115141.JPG,brody_TimePhoto_20211015_115141.JPG,35
61504,C:/Users/allan/OneDrive/New_Graph/Current/2021-041-nupqu-elk-fish-passage/scripts/fish_passage_elk_2021_reporting/data/photos/61504/brody_TimePhoto_20211015_115148.JPG,brody_TimePhoto_20211015_115148.JPG,35
61504,C:/Users/allan/OneDrive/New_Graph/Current/2021-041-nupqu-elk-fish-passage/scripts/fish_passage_elk_2021_reporting/data/photos/61504/brody_TimePhoto_20211015_121616.JPG,brody_TimePhoto_20211015_121616.JPG,35
61504,C:/Users/allan/OneDrive/New_Graph/Current/2021-041-nupqu-elk-fish-passage/scripts/fish_passage_elk_2021_reporting/data/photos/61504/brody_TimePhoto_20211015_121632_d7_k_.JPG,brody_TimePhoto_20211015_121632_d7_k_.JPG,41
61504,C:/Users/allan/OneDrive/New_Graph/Current/2021-041-nupqu-elk-fish-passage/scripts/fish_passage_elk_2021_reporting/data/photos/61504/brody_TimePhoto_20211015_121922.JPG,brody_TimePhoto_20211015_121922.JPG,35
61504,C:/Users/allan/OneDrive/New_Graph/Current/2021-041-nupqu-elk-fish-passage/scripts/fish_passage_elk_2021_reporting/data/photos/61504/crossing_all.JPG,crossing_all.JPG,16
61504,C:/Users/allan/OneDrive/New_Graph/Current/2021-041-nupqu-elk-fish-passage/scripts/fish_passage_elk_2021_reporting/data/photos/61504/f764b969-b86e-47b3-813a-bb50bce091c4.JPG,f764b969-b86e-47b3-813a-bb50bce091c4.JPG,40
61504,C:/Users/allan/OneDrive/New_Graph/Current/2021-041-nupqu-elk-fish-passage/scripts/fish_passage_elk_2021_reporting/data/photos/61504/kyle_TC_02266.JPG,kyle_TC_02266.JPG,17
61504,C:/Users/allan/OneDrive/New_Graph/Current/2021-041-nupqu-elk-fish-passage/scripts/fish_passage_elk_2021_reporting/data/photos/61504/kyle_TC_02267.JPG,kyle_TC_02267.JPG,17
61504,C:/Users/allan/OneDrive/New_Graph/Current/2021-041-nupqu-elk-fish-passage/scripts/fish_passage_elk_2021_reporting/data/photos/61504/kyle_TC_02268.JPG,kyle_TC_02268.JPG,17
61504,C:/Users/allan/OneDrive/New_Graph/Current/2021-041-nupqu-elk-fish-passage/scripts/fish_passage_elk_2021_reporting/data/photos/61504/kyle_TC_02269.JPG,kyle_TC_02269.JPG,17
61504,C:/Users/allan/OneDrive/New_Graph/Current/2021-041-nupqu-elk-fish-passage/scripts/fish_passage_elk_2021_reporting/data/photos/61504/kyle_TC_02270.JPG,kyle_TC_02270.JPG,17
61504,C:/Users/allan/OneDrive/New_Graph/Current/2021-041-nupqu-elk-fish-passage/scripts/fish_passage_elk_2021_reporting/data/photos/61504/kyle_TC_02271.JPG,kyle_TC_02271.JPG,17
61504,C:/Users/allan/OneDrive/New_Graph/Current/2021-041-nupqu-elk-fish-passage/scripts/fish_passage_elk_2021_reporting/data/photos/61504/kyle_TC_02272.JPG,kyle_TC_02272.JPG,17
61504,C:/Users/allan/OneDrive/New_Graph/Current/2021-041-nupqu-elk-fish-passage/scripts/fish_passage_elk_2021_reporting/data/photos/61504/kyle_TC_02273.JPG,kyle_TC_02273.JPG,17
61504,C:/Users/allan/OneDrive/New_Graph/Current/2021-041-nupqu-elk-fish-passage/scripts/fish_passage_elk_2021_reporting/data/photos/61504/kyle_TC_02274.JPG,kyle_TC_02274.JPG,17
61504,C:/Users/allan/OneDrive/New_Graph/Current/2021-041-nupqu-elk-fish-passage/scripts/fish_passage_elk_2021_reporting/data/photos/61504/kyle_TC_02275.JPG,kyle_TC_02275.JPG,17
61504,C:/Users/allan/OneDrive/New_Graph/Current/2021-041-nupqu-elk-fish-passage/scripts/fish_passage_elk_2021_reporting/data/photos/61504/kyle_TC_02276.JPG,kyle_TC_02276.JPG,17
61504,C:/Users/allan/OneDrive/New_Graph/Current/2021-041-nupqu-elk-fish-passage/scripts/fish_passage_elk_2021_reporting/data/photos/61504/kyle_TC_02277.JPG,kyle_TC_02277.JPG,17
61504,C:/Users/allan/OneDrive/New_Graph/Current/2021-041-nupqu-elk-fish-passage/scripts/fish_passage_elk_2021_reporting/data/photos/61504/rotated_brody_TimePhoto_20211015_102611_u2_k_.JPG,rotated_brody_TimePhoto_20211015_102611_u2_k_.JPG,49
61504,C:/Users/allan/OneDrive/New_Graph/Current/2021-041-nupqu-elk-fish-passage/scripts/fish_passage_elk_2021_reporting/data/photos/61504/rotated_brody_TimePhoto_20211015_111104_d1_k_.JPG,rotated_brody_TimePhoto_20211015_111104_d1_k_.JPG,49
61504,C:/Users/allan/OneDrive/New_Graph/Current/2021-041-nupqu-elk-fish-passage/scripts/fish_passage_elk_2021_reporting/data/photos/61504/rotated_brody_TimePhoto_20211015_121632_d2_k_.JPG,rotated_brody_TimePhoto_20211015_121632_d2_k_.JPG,49
62181,C:/Users/allan/OneDrive/New_Graph/Current/2021-041-nupqu-elk-fish-passage/scripts/fish_passage_elk_2021_reporting/data/photos/62181/al_IMG_6751.JPG,al_IMG_6751.JPG,15
62181,C:/Users/allan/OneDrive/New_Graph/Current/2021-041-nupqu-elk-fish-passage/scripts/fish_passage_elk_2021_reporting/data/photos/62181/al_IMG_6752.JPG,al_IMG_6752.JPG,15
62181,C:/Users/allan/OneDrive/New_Graph/Current/2021-041-nupqu-elk-fish-passage/scripts/fish_passage_elk_2021_reporting/data/photos/62181/al_IMG_6753.JPG,al_IMG_6753.JPG,15
62181,C:/Users/allan/OneDrive/New_Graph/Current/2021-041-nupqu-elk-fish-passage/scripts/fish_passage_elk_2021_reporting/data/photos/62181/al_IMG_6754.JPG,al_IMG_6754.JPG,15
62181,C:/Users/allan/OneDrive/New_Graph/Current/2021-041-nupqu-elk-fish-passage/scripts/fish_passage_elk_2021_reporting/data/photos/62181/al_IMG_6755.JPG,al_IMG_6755.JPG,15
62181,C:/Users/allan/OneDrive/New_Graph/Current/2021-041-nupqu-elk-fish-passage/scripts/fish_passage_elk_2021_reporting/data/photos/62181/al_IMG_6756.JPG,al_IMG_6756.JPG,15
62181,C:/Users/allan/OneDrive/New_Graph/Current/2021-041-nupqu-elk-fish-passage/scripts/fish_passage_elk_2021_reporting/data/photos/62181/al_IMG_6757.JPG,al_IMG_6757.JPG,15
62181,C:/Users/allan/OneDrive/New_Graph/Current/2021-041-nupqu-elk-fish-passage/scripts/fish_passage_elk_2021_reporting/data/photos/62181/al_IMG_6758_u1_k_.JPG,al_IMG_6758_u1_k_.JPG,21
62181,C:/Users/allan/OneDrive/New_Graph/Current/2021-041-nupqu-elk-fish-passage/scripts/fish_passage_elk_2021_reporting/data/photos/62181/al_IMG_6759.JPG,al_IMG_6759.JPG,15
62181,C:/Users/allan/OneDrive/New_Graph/Current/2021-041-nupqu-elk-fish-passage/scripts/fish_passage_elk_2021_reporting/data/photos/62181/al_IMG_6760_u2_k_.JPG,al_IMG_6760_u2_k_.JPG,21
62181,C:/Users/allan/OneDrive/New_Graph/Current/2021-041-nupqu-elk-fish-passage/scripts/fish_passage_elk_2021_reporting/data/photos/62181/al_IMG_6761.JPG,al_IMG_6761.JPG,15
62181,C:/Users/allan/OneDrive/New_Graph/Current/2021-041-nupqu-elk-fish-passage/scripts/fish_passage_elk_2021_reporting/data/photos/62181/al_IMG_6762.JPG,al_IMG_6762.JPG,15
62181,C:/Users/allan/OneDrive/New_Graph/Current/2021-041-nupqu-elk-fish-passage/scripts/fish_passage_elk_2021_reporting/data/photos/62181/crossing_all.JPG,crossing_all.JPG,16
62181,C:/Users/allan/OneDrive/New_Graph/Current/2021-041-nupqu-elk-fish-passage/scripts/fish_passage_elk_2021_reporting/data/photos/62181/kyle_TC_02385_downstream.JPG,kyle_TC_02385_downstream.JPG,28
62181,C:/Users/allan/OneDrive/New_Graph/Current/2021-041-nupqu-elk-fish-passage/scripts/fish_passage_elk_2021_reporting/data/photos/62181/kyle_TC_02428_road.JPG,kyle_TC_02428_road.JPG,22
62181,C:/Users/allan/OneDrive/New_Graph/Current/2021-041-nupqu-elk-fish-passage/scripts/fish_passage_elk_2021_reporting/data/photos/62181/kyle_TC_02429_upstream.JPG,kyle_TC_02429_upstream.JPG,26
62181,C:/Users/allan/OneDrive/New_Graph/Current/2021-041-nupqu-elk-fish-passage/scripts/fish_passage_elk_2021_reporting/data/photos/62181/kyle_TC_02430.JPG,kyle_TC_02430.JPG,17
62181,C:/Users/allan/OneDrive/New_Graph/Current/2021-041-nupqu-elk-fish-passage/scripts/fish_passage_elk_2021_reporting/data/photos/62181/kyle_TC_02431_barrel.JPG,kyle_TC_02431_barrel.JPG,24
62181,C:/Users/allan/OneDrive/New_Graph/Current/2021-041-nupqu-elk-fish-passage/scripts/fish_passage_elk_2021_reporting/data/photos/62181/kyle_TC_02432.JPG,kyle_TC_02432.JPG,17
62181,C:/Users/allan/OneDrive/New_Graph/Current/2021-041-nupqu-elk-fish-passage/scripts/fish_passage_elk_2021_reporting/data/photos/62181/kyle_TC_02433.JPG,kyle_TC_02433.JPG,17
62181,C:/Users/allan/OneDrive/New_Graph/Current/2021-041-nupqu-elk-fish-passage/scripts/fish_passage_elk_2021_reporting/data/photos/62181/kyle_TC_02434.JPG,kyle_TC_02434.JPG,17
62181,C:/Users/allan/OneDrive/New_Graph/Current/2021-041-nupqu-elk-fish-passage/scripts/fish_passage_elk_2021_reporting/data/photos/62181/kyle_TC_02435.JPG,kyle_TC_02435.JPG,17
62181,C:/Users/allan/OneDrive/New_Graph/Current/2021-041-nupqu-elk-fish-passage/scripts/fish_passage_elk_2021_reporting/data/photos/62181/kyle_TC_02436_outlet.JPG,kyle_TC_02436_outlet.JPG,24
62181,C:/Users/allan/OneDrive/New_Graph/Current/2021-041-nupqu-elk-fish-passage/scripts/fish_passage_elk_2021_reporting/data/photos/62181/kyle_TC_02437.JPG,kyle_TC_02437.JPG,17
62181,C:/Users/allan/OneDrive/New_Graph/Current/2021-041-nupqu-elk-fish-passage/scripts/fish_passage_elk_2021_reporting/data/photos/62181/kyle_TC_02438_inlet.JPG,kyle_TC_02438_inlet.JPG,23
